{
  "timestamp": "2025-07-06T17:01:25.071552",
  "system_config": {
    "risk_per_trade": 0.0075,
    "risk_reward_ratio": 4.0,
    "starting_balance": 50.0
  },
  "performance_metrics": {
    "total_trades": 150,
    "winning_trades": 61,
    "losing_trades": 89,
    "win_rate": 0.4066666666666667,
    "batting_average": 0.4066666666666667,
    "total_pnl_r": 151.21373721308223,
    "total_pnl_usd": 56.70515145490584,
    "total_pnl_pct": 1.1341030290981167,
    "expectancy_r": 1.0080915814205482,
    "expectancy_pct": 0.007560686860654111,
    "profit_factor": 2.6880933121676462,
    "avg_winner_r": 3.9473833330524704,
    "avg_loser_r": -1.0064791696979598,
    "avg_winner_loser_ratio": 3.921972209556074,
    "max_drawdown": 7.885273252768691,
    "max_consecutive_losses": 8,
    "largest_loss": -1.203707593497214,
    "largest_win": 4.533677303165788,
    "sharpe_ratio": 6.554418479809931,
    "starting_balance": 50.0,
    "final_balance": 106.70515145490582,
    "total_return": 1.1341030290981164,
    "monthly_return": 1.4176287863726456,
    "balance_progression": [
      50.0,
      51.37491348671972,
      51.01187231864557,
      50.63770563714352,
      50.24666340288339,
      49.8512490507137,
      51.36372784205606,
      52.77945673316868,
      54.191888757370954,
      53.765216033477614,
      53.37697415902735,
      52.964133458669906,
      54.28601285964701,
      55.781114969368744,
      57.25014361696603,
      56.90133512668644,
      56.53284520407387,
      56.19347040640539,
      57.887703509120115,
      57.48346468859537,
      58.88852634805668,
      58.51696737717676,
      58.06743354287923,
      59.47647801255375,
      59.082662123419325,
      60.55361633358399,
      60.19590216916225,
      59.806070302227994,
      59.42022767011037,
      60.73272767011037,
      60.35673339978103,
      59.96018180449553,
      59.56937562123278,
      59.246980407892885,
      58.819410993038176,
      58.40328278184153,
      59.826523855900504,
      59.49835913211825,
      61.00574466240577,
      62.31824466240577,
      61.947706355851864,
      63.50642478198377,
      63.14256170723001,
      62.69819409708635,
      64.32966511197453,
      63.98220890190753,
      65.37482795993688,
      65.07482795993688,
      64.70533950932902,
      64.37910245237889,
      65.7279560289213,
      65.28608411409009,
      64.90196657182483,
      64.5099992381119,
      66.09741734003856,
      65.74623406069739,
      67.12471146281783,
      68.67531104214781,
      70.37544003083498,
      70.02184842498598,
      69.68943213649275,
      69.26942719632787,
      68.93947896298603,
      68.53098695272493,
      68.14343130594763,
      69.83060540726056,
      71.24744130872186,
      70.84349809330598,
      72.5303945379994,
      72.16555935357724,
      71.86555935357724,
      73.28905886598898,
      72.90418114680645,
      72.51970984112921,
      72.09791797180553,
      71.73810455338442,
      71.39721973494541,
      70.99915222202898,
      70.69915222202899,
      72.14442853584809,
      73.66778334024274,
      73.31263717192975,
      74.79194935143535,
      74.3499116659879,
      73.92914028707733,
      73.53063311696965,
      74.87965729526366,
      76.4161260099186,
      76.03624564537981,
      75.68465013851926,
      75.33321309511668,
      74.99155000615207,
      74.63515241489804,
      74.30344070258838,
      73.9105388876918,
      73.45914854013034,
      75.13577717169139,
      76.67208300972942,
      76.2660618493462,
      75.8994653174141,
      75.52493753244342,
      77.18657243310524,
      78.60763118569186,
      80.15968767097648,
      81.5425920287325,
      81.0958655343426,
      82.63664413595819,
      82.29090445462394,
      83.80790095036612,
      83.44398135753198,
      83.02783088746074,
      84.56635729073658,
      84.26303965098067,
      85.64293235267513,
      87.12691466061024,
      88.66429998695794,
      88.26123174183707,
      89.80777443183167,
      89.48310275074314,
      90.79560275074314,
      92.4580908648411,
      92.11989889146848,
      91.75730016235838,
      91.3820676946206,
      92.92741861891773,
      94.30352777962243,
      93.94681552743205,
      93.52380461012324,
      93.0999944854079,
      94.52965518975813,
      95.99887409361394,
      95.59625863715428,
      97.16145288232863,
      96.80807376844322,
      96.4447456492386,
      97.85799841343184,
      99.42281805587234,
      100.73531805587234,
      100.3456542808262,
      99.9561016862088,
      101.38090646477468,
      100.99817250381383,
      102.31067250381383,
      101.94581463478058,
      101.56893070567624,
      103.12836632425966,
      104.65171046634006,
      104.21567762491945,
      105.72108718141885,
      107.03358718141885,
      106.70515145490582
    ],
    "days_traded": 24,
    "trades_per_day": 6.25,
    "avg_holding_period": 27.486666666666668,
    "risk_per_trade": 0.0075,
    "risk_reward_ratio": 4.0
  },
  "validation_results": {
    "all_gates_passed": false,
    "gates_passed": 5,
    "total_gates": 6,
    "failed_gates": [
      "max_drawdown"
    ],
    "validation_results": {
      "min_trades": {
        "required": 100,
        "actual": 150,
        "passed": true
      },
      "expectancy": {
        "required": 0.003,
        "actual": 0.007560686860654111,
        "passed": "True"
      },
      "profit_factor": {
        "required": 1.3,
        "actual": 2.6880933121676462,
        "passed": "True"
      },
      "max_drawdown": {
        "required": 0.05,
        "actual": 7.885273252768691,
        "passed": "False"
      },
      "sharpe_ratio": {
        "required": 1.0,
        "actual": 6.554418479809931,
        "passed": "True"
      },
      "win_rate": {
        "required": 0.3,
        "actual": 0.4066666666666667,
        "passed": true
      }
    }
  }
}