asset,expectancy,profit_factor,win_rate,trades,max_dd,sharpe
SOL,0.0005999803029037623,1.3677041692381875,0.20946832470861473,2062,0.0013439170249175732,-84.57826515619853
BTC,0.00032956592708323655,1.379353074845686,0.21607713406850199,2358,0.001390667121287968,-419.3789443188501
ETH,0.000444135706361344,1.1905071858748468,0.2087173988089833,2397,0.001574265204195035,-59.41776420181131
